"","h1","h2","h3","h4","h5","h6","h7","h8"
"t_cond=980",3.27263858016206,3.15947786984736,3.28034225162492,3.28026774041108,3.59627998890257,3.22291012900024,3.09678467648693,2.94425760667798
"t_cond=981",3.1587509715573,3.26782974194035,3.21580125523084,3.61023558247464,3.20707512676741,3.11492566933604,2.90691973718165,2.89107468200793
"t_cond=982",3.26892627407298,3.2305224521953,3.53448881836403,3.22661466320822,3.02251858580598,2.8984432026877,2.81637437218669,2.84777154643704
"t_cond=983",3.22848692759229,3.6271074171269,3.08427069840889,3.1068551986748,2.86479302061095,2.86048798960122,2.88389843943736,2.96430629490219
"t_cond=984",3.63338617154642,3.05079482768809,3.34166017028425,2.87178493390187,2.86911963988066,2.94981229887668,3.05794747700213,3.81984376975741
"t_cond=985",3.05471557325517,3.11137005867725,2.7800446538451,2.7533205964949,2.75928002827832,2.83038939841769,3.41027977186078,2.88522809908098
"t_cond=986",3.11409611014969,2.75220119296568,2.71523833842598,2.77028440021893,2.89352108701587,3.48552324341551,2.91397589444061,2.96532015355017
"t_cond=987",2.75333927297847,2.65232507231394,2.55852781084896,2.68941912908603,3.17596019474318,2.76690171391227,2.84973659644714,2.93543836544806
"t_cond=988",2.65209637172654,2.55051300268225,2.69897545569854,3.27512363306106,2.76836409684655,2.84399710320332,2.95208654184522,3.30011463128571
"t_cond=989",2.54977911068992,2.67172672753043,3.29830705741454,2.71392740067108,2.80179290607046,2.92085845210905,3.29193410238799,3.12535487261308
"t_cond=990",2.67013863419809,3.24493976510152,2.63236898173362,2.76238951561621,2.87119952240059,3.32602216120102,3.11536059982773,3.23641687771752
"t_cond=991",3.23874306816483,2.5687254557399,2.65454220537439,2.75396318626237,3.37160147281211,3.0769170558996,3.20424866991752,3.19527493853908
"t_cond=992",2.56584703696498,2.68042886598998,2.53770303562685,3.71938299657456,3.14964532221615,3.2691122402706,3.09448883783692,3.25541417733535
"t_cond=993",2.68088335689852,2.50714402579155,3.93789228530915,3.18607472854435,3.29377120264981,3.03468136984042,3.19863088533191,3.23861347912124
"t_cond=994",2.50669159803646,3.82410117011758,3.00826532059091,3.18791916361568,2.99218657244576,3.17414455816776,3.2810169428464,3.49090268058977
"t_cond=995",3.8237798758841,2.98147880675033,3.10262365174649,2.97557317665541,3.13755698838332,3.29213396522693,3.52242818337614,3.50313382056984
"t_cond=996",2.9774596562205,2.98778339400057,3.18918083189202,3.20622398287624,3.55940531134241,3.94305375225138,3.77149226418207,4.19800158103825
"t_cond=997",2.98701457402883,3.26093917280502,3.26839339006048,3.63890781252579,4.09923335992751,3.8560703602693,4.13318928658259,4.03677377473373
"t_cond=998",3.26161846473899,3.29261986550469,3.7843995683149,4.2141759169339,3.90356613817306,4.10037646131065,4.08431010129293,4.01153545730138
"t_cond=999",3.28782629376221,3.57621636116619,3.82029686330137,3.67110214140124,4.17955303495951,3.87171034980374,3.89244804393445,3.99744578961185
"t_cond=1000",3.57046841029377,3.62574838513888,3.43190143070822,4.35062095652825,3.71481302750592,3.82474443125756,3.87740424533264,3.96353885708988
"t_cond=1001",3.61697776103782,3.25229236747314,5.04250961455061,3.53394769389522,3.82433022754373,3.81689862712424,3.84619463216288,3.88028864444995
"t_cond=1002",3.24893091872627,5.71296161376821,3.36202265436279,3.96137701771405,3.80616765870445,3.8110431108754,3.81295280459408,3.793215886783
"t_cond=1003",5.72177728150908,3.33648006136864,4.0209540699268,3.8398298739391,3.81154177863583,3.76199475619555,3.70461037994265,3.94627169171023
"t_cond=1004",3.33597501424272,3.68418530864004,3.7486399168881,3.75131553810363,3.85110064423377,4.07619560185093,3.96508495469378,4.06806079096787
"t_cond=1005",3.68328561237715,3.75057270112904,3.72668723409241,3.85259953628002,4.11470300080723,3.95743705279043,4.09282544152817,4.00786505429757
"t_cond=1006",3.75099830104452,3.74243573191716,3.89965504473235,4.19705638619635,3.9742291555907,4.1518404129347,4.03228529576834,4.0358820802777
"t_cond=1007",3.74037515346356,3.82025624869703,4.04364521021763,3.89579416069081,4.03898763073998,3.96931736250739,3.95025006323746,3.99393808373234
"t_cond=1008",3.81781882017397,3.96478468708141,3.77758750168594,3.975139858323,3.89197180419257,3.90137728613876,3.97664790449252,3.92447338032826
"t_cond=1009",3.96074509845228,3.72475682410529,3.76301726512629,3.80628907011284,3.81670177321917,3.96208284542372,3.87486832593893,4.41439927141698
"t_cond=1010",3.72364615492175,3.64362800695123,3.67220754626838,3.75272540870993,4.01815636685883,3.89993367926938,4.6217942095445,4.25556845993264
"t_cond=1011",3.6425165575699,3.6458050708431,3.66484918532228,4.01245163627906,3.85428377832784,4.65776816137398,4.2587992460172,5.9371102188765
"t_cond=1012",3.64534128200753,3.64523591260148,4.05001079322726,3.86539153075368,4.75253074016061,4.32973023765592,6.03683992129775,4.89660327702598
"t_cond=1013",3.64447007148684,4.01921980683496,3.77897006470842,4.79166302139181,4.29302795555381,6.19561147086048,4.92991230728874,4.86652032825602
"t_cond=1014",4.01862055359859,3.7607234655767,4.75316074750721,4.30290837788878,6.27720718619515,4.95566433237018,4.81613755227811,3.65732112843923
"t_cond=1015",3.75882039271636,4.58542123756398,4.02042326833652,6.00678869249627,4.70568921252064,4.65000005707026,3.60914737727721,5.59276402588408
"t_cond=1016",4.5828783020856,3.97447280040923,5.86311046800747,4.58578852464738,4.56368064539122,3.58804361459363,5.48900708688227,6.48015452607525
"t_cond=1017",3.96991937850061,5.46835375635174,4.15941460591123,4.23412399581078,3.57814631796411,5.07966235407567,5.96449898837266,4.21485028776146
"t_cond=1018",5.46185490263999,4.07931441920328,4.04446685766113,3.58736782466014,4.94998397067774,5.77270068344188,4.05469440318697,4.82640858502767
"t_cond=1019",4.07190789324646,3.8927465504978,3.95419614481502,4.42479165926125,5.13907092326278,3.86911381173813,4.39453001319219,5.30285674263416
"t_cond=1020",3.89093465017267,4.0476631780829,4.22655110148672,4.93529628953646,3.805476223597,4.27753877235891,5.16032597731906,5.98060099915477
"t_cond=1021",4.05001563841509,4.1788394950067,4.82142059084945,3.75469630617383,4.2072578443812,5.07464393087518,5.90329216404827,4.60109669093998
"t_cond=1022",4.18480227724739,5.07874125811498,3.83645366015053,4.4557212083725,5.55762656718484,6.52569270190171,4.9776685750636,8.09390246967767
"t_cond=1023",5.06912833582487,3.74806950716746,4.10908618646481,5.2379815626364,6.06449319995786,4.68629757003432,7.88591596220476,8.838621004953
"t_cond=1024",3.74303297302707,3.92642190293499,4.47124819010337,5.43731206676877,4.2714261474742,6.92537330722151,8.119112834519,6.734682560044
"t_cond=1025",3.9240925424576,4.40105418338848,5.25640931064049,4.17777331622494,6.89370433589342,7.76909386206957,6.72124260763235,6.25647775871315
"t_cond=1026",4.39565812563449,5.11970527420639,3.97106951739453,6.73831067951397,7.65618082222206,6.53722539741252,6.04712910895122,4.78950731316595
"t_cond=1027",5.1019751374776,3.84765848234921,6.06929299592873,7.08562258961482,6.05413461074636,5.63695684976725,4.49819008886371,8.84836782434784
"t_cond=1028",3.83957186775795,5.52682831677039,5.98647248166898,5.3327793157337,5.02269709276068,4.13809047846485,8.02881238784906,5.86468867597458
"t_cond=1029",5.51737592562538,5.83334362402187,5.11105844653924,4.83640705326726,4.03914333860601,8.05738086497701,5.748818913611,8.49759662993908
"t_cond=1030",5.78399876064516,4.63910837285346,4.08911011003267,3.70243679060405,6.89945108223201,5.01846378337109,7.35838622155656,3.66407275425558
"t_cond=1031",4.60831876112657,3.90419731293667,3.65272471993819,5.91496585480597,4.44754380471458,6.32075102003329,3.51657266528834,4.01053926536889
"t_cond=1032",3.89883420089376,3.72323930663182,5.25593197250375,4.16076338274331,5.84227278498617,3.50260089365343,3.78969676707258,4.62748357944419
"t_cond=1033",3.7250552045814,5.16143891691132,4.00168226734516,5.60879124738179,3.50385804612236,3.77233411281061,4.49762956356262,4.57006869027191
"t_cond=1034",5.1725607027697,4.05553922313259,6.2764701110451,3.45099845475757,3.79260779164613,4.71482455477827,4.72288127229718,6.21439741614792
"t_cond=1035",4.04018873952201,5.61596528565055,3.68196026258856,3.59852196609324,4.21419122831052,4.27723273637479,5.43990137460655,5.52925485973365
"t_cond=1036",5.59753483728711,3.77819496240819,3.564599149439,4.033859355403,4.10167349322322,5.16839388433779,5.24172730067642,5.31629770499457
"t_cond=1037",3.80054737724268,3.67180286659982,3.75546073018221,3.82549307877386,4.61940591366523,4.73316214975335,4.70701232551758,5.49321114524984
"t_cond=1038",3.66609678030924,3.75015124204039,3.89892904041344,4.87913205429008,4.973984101697,4.97829732546416,5.80761125182947,6.50078703477266
"t_cond=1039",3.75043725124079,3.94978021735346,5.23767338659483,5.24990397663897,5.13465800950502,6.19551843912362,6.9826082479606,9.98181795699315
"t_cond=1040",3.94814671664731,5.22483442871321,5.22834669606591,5.12396203892881,6.13363656192627,6.97983818235405,10.7073031111868,8.59962544880018
"t_cond=1041",5.20769955269098,5.01257562567583,4.76362784387242,5.83464814918772,6.62845659781272,10.0953754530919,8.31755500200374,6.9898500062909
"t_cond=1042",4.97240110300839,4.38897785201286,4.89371788159172,5.89087391430861,8.90589188694789,7.18582363281072,6.13621462252012,7.46040303224628
"t_cond=1043",4.36945727822123,4.58931587396998,5.05049988356957,8.02263904527737,6.42894185272104,5.64481503075284,6.74510360003777,7.5387871603143
"t_cond=1044",4.5776408966186,4.85636263687029,7.49184410506892,6.11560666583271,5.3542532753464,6.38928567233512,7.23227073786362,7.138268279427
"t_cond=1045",4.84256860508937,7.09001329710269,5.60333757165821,5.11972428537194,6.06693538818176,6.80630256350341,6.73390323946363,5.42222468267448
"t_cond=1046",7.05288720898442,5.31048857105933,4.78479569491899,5.70583660421024,6.40282343888284,6.37101322989879,5.29765149694148,5.72370357806681
"t_cond=1047",5.27033276325466,4.68051513563326,5.0145734199519,5.66640592917871,5.69030028336629,5.28603435246775,5.48594199517249,5.55599211801762
"t_cond=1048",4.68176717230676,4.97820062971104,5.33275661631106,5.49748773914846,5.39399730634113,5.50107115874477,5.63594573830853,5.75854416447719
"t_cond=1049",4.97726427969447,5.32168028636558,5.44888893573723,5.34953461602274,5.48639040198825,5.60072382112668,5.7143673930014,6.05575243988801
"t_cond=1050",5.32083740442231,5.4189460266814,5.33078535679673,5.44692378177079,5.58811203260107,5.71703180627616,6.08635377168397,6.40539978648423
"t_cond=1051",5.41529123300638,5.41210465775463,5.46995649263199,5.63598168601245,5.77639439356421,6.25589258430791,6.63421457015261,6.60251219145914
"t_cond=1052",5.41653682034466,5.53507922983811,5.80179798716386,5.84683477864762,6.42477259695807,6.85697044438097,6.87607766619239,7.11593710949348
"t_cond=1053",5.5290372671188,5.65322665082785,5.60713330513864,6.15828598167988,6.64093867218935,6.58655366833192,6.82679534893414,7.37188841751101
"t_cond=1054",5.64739991485123,5.5107777068104,5.94496117956797,6.42989748422896,6.39825638335643,6.63028815899733,7.267985461784,7.70533686734325
"t_cond=1055",5.5068664719907,5.77476992789981,6.10209505405587,6.17209541072047,6.3220203990993,6.87069607661962,7.4105094678613,8.73884408841626
"t_cond=1056",5.77044346942572,5.9987859684999,6.03298941710936,6.21937173791173,6.81082530118303,7.32291022028894,8.59863977591778,8.75777130858678
"t_cond=1057",5.9867485833813,5.81752439310442,5.85774524608522,6.43131212133833,6.95302098978285,8.21281752948311,8.31297500602806,8.6557443914795
"t_cond=1058",5.8051456511888,5.59989453747283,5.88653835061536,6.47575643545088,7.64981479725827,7.85095196152807,7.96490112799901,7.8069333407793
"t_cond=1059",5.59108401372613,5.64492104667722,5.99953349074668,7.19812027472587,7.30337719124086,7.62167578388032,7.27057665957375,6.85775024609018
"t_cond=1060",5.63595777618684,5.77971173710957,6.8412745027269,6.99120745691194,7.29959945103561,7.02841690095549,6.63363110293493,8.30691015245554
"t_cond=1061",5.76664059146833,6.52086174342288,6.47246933561549,6.86178879188436,6.70101628062173,6.21227296526651,7.86818042887062,9.16082517009727
"t_cond=1062",6.49747105083391,6.09059570971723,6.18336632136603,6.12206443209667,5.77084974416157,7.24139666419363,8.27860373822095,8.84451959571987
"t_cond=1063",6.05806299642973,5.63782660567105,5.18425181409037,5.19965956337165,6.44891017934937,7.51589495836988,7.81612790787645,8.64682283888926
"t_cond=1064",5.61306261380544,4.81336875026698,4.62500565435611,5.61622879237767,6.57297002741598,6.91925613146426,7.4921688714996,5.90631890666995
"t_cond=1065",4.80205369449141,4.49639873807052,4.86861993010279,5.8972708827357,6.28107798791946,6.80987855663873,5.33624793091981,6.31965100757701
"t_cond=1066",4.49472160323756,4.69010080451856,5.50978040831272,5.93883499648906,6.49879662306211,5.02162552410398,6.0332668931411,5.0725397462868
"t_cond=1067",4.6886249172515,5.50904907727175,6.07215101825312,6.57932044127053,5.00661095682474,6.10124320126052,5.02919364025361,5.6592185768047
"t_cond=1068",5.49357162299892,5.76434142456859,5.96662542109642,4.7127618477992,5.66581639994513,4.69727996927896,5.17433584440304,6.76203247958636
"t_cond=1069",5.734160350235,5.45806333608193,3.99428842368463,4.91010783396739,4.20252519833773,4.68087076823275,5.92072670631191,5.52622275008974
"t_cond=1070",5.4265372532192,3.71202260321766,3.94360776825281,3.72938524826072,4.01796622568123,5.08771197810087,4.64290931730999,3.51287397251827
"t_cond=1071",3.7074329892604,3.54755373733607,3.41381339469147,3.51417997144328,4.3074740527177,4.01484655141775,3.28687352325779,4.89814547494416
"t_cond=1072",3.54494075239387,3.40263493685385,3.35120067262699,4.15914693610672,3.88434293712944,3.24782314039917,4.77591051618117,4.34086245137486
"t_cond=1073",3.40329629596326,3.26153149259911,3.84588634342784,3.68141338974107,3.21215451404925,4.47568443765236,4.13206589498575,3.01534015604871
"t_cond=1074",3.26171750620279,3.91543607905214,3.86243902658752,3.17541785257396,4.63762654562646,4.24104261360665,3.02542234974652,2.98222921138315
"t_cond=1075",3.91199101545269,3.75313857380005,3.12401735384949,4.50959836311259,4.16031957275465,2.95932886743718,2.94143511672189,2.82919923139257
"t_cond=1076",3.74297006418024,3.17161767463056,3.77848668997576,3.6230630014261,2.83028568725916,2.95553424517126,2.739946659773,2.79374177910808
"t_cond=1077",3.17485250383353,3.45031084570022,3.01515898015021,2.79317925664008,3.07518439514934,2.70872099675997,2.57006716615259,2.60327959249757
"t_cond=1078",3.45384963704032,3.13062222685588,2.70823788054385,2.96159070255541,2.661449494465,2.62510409442491,2.5758985905656,2.66814787234551
"t_cond=1079",3.12099692690041,2.70242132752381,3.27512818091402,2.70309051713421,2.43786669732116,2.57171269882596,2.44385384889913,2.45590892068801
"t_cond=1080",2.70359253697691,3.5344308257882,2.90825409639689,2.31487896051202,2.65539375132723,2.25971427151234,2.24862619746397,2.36074770564179
"t_cond=1081",3.53341762132371,2.86124066223022,2.26640638228634,2.59776134283929,2.28609553580008,2.26892071397272,2.33008641901564,2.35691219330239
"t_cond=1082",2.85364274191694,2.37358945031952,2.44473413704063,2.5240098457858,2.53020516505168,2.31423807648578,2.31789593809556,2.2842706091005
"t_cond=1083",2.37635753868444,2.44759087746212,2.79039813562616,2.72557216275104,2.31359552508671,2.31200955588752,2.39659043046422,2.26895404399932
"t_cond=1084",2.44701959802497,2.71080388682708,2.56000790038632,2.27425891503098,2.28960121612399,2.32958602770466,2.2150084895164,2.21168357499561
"t_cond=1085",2.71016342014465,2.54550746931892,2.2048880124657,2.25973708719176,2.28838022117813,2.17659224267755,2.1827886809786,2.36802471533611
"t_cond=1086",2.53966382386132,2.17797215502145,2.25007550590296,2.09508441719259,2.08194897559985,2.08726133994482,2.12585469192921,2.09023743156
"t_cond=1087",2.17823431306989,2.32857877923902,1.87097559189679,2.04507365174592,2.0625627057067,1.96156119134883,2.00168176956276,2.03457015839078
"t_cond=1088",2.32835331984796,1.86260721342399,1.96319352810339,2.02926196135551,1.97240871794925,1.98797501643265,2.04272498675683,2.5014611709108
"t_cond=1089",1.86371429138565,1.95565695090754,1.98473896137906,2.06110845320523,2.01454456729976,2.14646491109267,2.40249183193712,2.29178335887517
"t_cond=1090",1.9553627545735,1.96441136983006,1.9980615561128,1.95345828814134,2.05644461067584,2.39990910398362,2.2488570709347,2.2406030876393
"t_cond=1091",1.96419921864046,1.98393012562502,1.90815867254168,2.04574576713672,2.38075655082797,2.22284114340404,2.20019761550102,2.39167768067712
"t_cond=1092",1.98322934386613,1.88395612200731,2.00024136344255,2.37918395659898,2.20342928915712,2.17865042159928,2.37342946410805,2.64097116828249
"t_cond=1093",1.88246124538614,1.89935632913516,2.51014654751738,2.01876847254659,2.0661456738304,2.38670040663449,2.68903874236955,5.68782452595324
"t_cond=1094",1.89798389876787,2.56420570110647,1.91299869238237,1.99040123698548,2.36699536275439,2.69921814374744,6.13548410423865,3.23418820722469
"t_cond=1095",2.56782636733171,1.82204030427716,1.84734710449277,2.42364950288061,2.83088246546571,6.89117646305596,3.38999001987906,6.90129210271067
"t_cond=1096",1.82527031948448,1.90060343991005,2.19677501298755,2.59774235037388,6.24537357913648,3.09143807500681,6.46787898584222,5.85662571743868
"t_cond=1097",1.89922489853472,2.19420714934711,2.69015019562759,6.79300243011115,3.22931091783664,6.72656341969527,6.3163429769268,5.29551091519792
"t_cond=1098",2.19451335199376,2.75975246016532,8.28792302549096,3.35590005998015,7.50564249935163,6.90120110691195,5.68485966010476,6.60439156551971
"t_cond=1099",2.75863824424558,8.60875590678633,3.18889862656206,7.63399910801327,6.97052497524198,5.5983265059181,6.72069380964356,5.03134810485191
"t_cond=1100",8.58386780710392,2.96515202419567,7.02974564481095,6.57882413137457,5.19373460639112,6.17566663179126,4.61205310382138,5.8592614590604
"t_cond=1101",2.94518565732771,4.88682562231944,3.88064498283875,3.78554395018156,4.4099675740072,3.71372613618755,4.41866026226266,4.61400380260738
"t_cond=1102",4.8782533581773,3.75351963406491,3.53588015313549,4.26126683171332,3.64464083304635,4.2852491523681,4.45318340083458,4.53739064203807
"t_cond=1103",3.74226540286493,3.34599701184421,3.65116292811766,3.56931922179749,3.93984816814453,4.14225448964047,4.20930308409085,4.20036307325275
"t_cond=1104",3.34482068260508,3.59409970512204,3.6475042200125,3.85642505456057,4.01390815324616,4.10567476046084,4.1361954717756,4.39749010276871
"t_cond=1105",3.59340117118965,3.65654933791577,3.78023121714689,3.98084380785146,4.07553601766703,4.11816319040867,4.37157312060455,4.19584072671306
"t_cond=1106",3.65663647488486,3.75347562797227,3.8876154251361,4.0393082967149,4.07759774354522,4.32121254579175,4.16078444065727,4.21921735570618
"t_cond=1107",3.75310598905363,3.87838992701016,4.00499850175491,4.05942436453757,4.35869307524223,4.12548827709055,4.17984872073301,4.17649678292985
"t_cond=1108",3.87769432997722,3.97063114749183,3.96783838490297,4.33288906878655,4.09958818535166,4.15251379097979,4.15736922687512,4.13266311568282
"t_cond=1109",3.96953765943718,3.94206804846468,4.20194283145765,4.06343819444259,4.12780149860232,4.20500781469399,4.14507728057452,4.19621087618909
"t_cond=1110",3.94142851394769,4.15622554216329,4.02722822133319,4.10131192347288,4.25494470798758,4.16432856333367,4.17189130412028,4.3806389373048
"t_cond=1111",4.15556483432431,4.01428308053531,4.03694864240418,4.27565937322913,4.14626612508234,4.16497115581408,4.43396689765303,4.1236310297995
"t_cond=1112",4.01442230369606,4.04265601091589,4.42832073275851,4.18242189831725,4.13948345598363,4.54042279391048,4.13921102491772,4.93435528775747
"t_cond=1113",4.04122300717364,4.38171943314334,4.08063839980579,4.09498514455173,4.47157293768568,4.11681146138099,4.76476266526523,5.09414117745925
"t_cond=1114",4.37943977401759,4.03944817601024,4.0121627350985,4.35868589653573,4.0402939275073,4.78994511200835,5.03063875747666,4.40871622273959
"t_cond=1115",4.03504736440092,3.98808383168682,3.9904722662161,3.91804751541082,4.42853289060837,4.68005067324275,4.11894294562544,5.18193948950101
"t_cond=1116",3.98797944103966,3.88684773825635,3.80810278898537,4.23938614749749,4.53077696867263,4.01746797955186,4.9660684821546,3.93667338372914
"t_cond=1117",3.88704148627625,3.79007400359623,4.39976582343303,4.64765089230868,4.01529205239106,5.08724312619718,3.93426532973281,4.34111231448879
"t_cond=1118",3.78938135136685,4.25694289452723,4.36752234694259,3.86421424741004,4.83165902622015,3.82309708125098,4.16753759788872,3.96441809639072
"t_cond=1119",4.25680657251724,4.3626725563258,3.86305649845019,4.91710688660863,3.79095314705687,4.17563901745866,3.97549741355206,3.81301573035654
"t_cond=1120",4.35264393038384,3.67625244229658,4.29676760967057,3.54916483303978,3.84835785625172,3.71934845386687,3.55340165047044,3.36703957044228
"t_cond=1121",3.6705681494474,3.96313524127814,3.25684749879821,3.47820497110795,3.42149780965227,3.32314038213947,3.31142031356466,3.21163389407131
"t_cond=1122",3.95787005130074,3.20845390396003,3.22940047908968,3.23233157565771,3.18074601580873,3.32147023296206,3.16893942978879,3.08255569386965
"t_cond=1123",3.20839437978766,3.07179013648506,2.98245762311309,3.05440378110131,3.43803832945786,3.16061012656699,2.99169694023405,2.98405929056186
"t_cond=1124",3.0711812774975,2.96557472631887,2.98649615540639,3.41391497758942,3.15259091344239,2.97324967847131,2.97555486830258,2.89700798986346
"t_cond=1125",2.96458822296345,2.95547795530572,3.4851163760003,3.16873612311801,2.94615434774872,2.89049796507841,2.89199555301373,2.77999314267436
"t_cond=1126",2.95482407758724,3.51946388076289,3.13184768881777,2.92013852724429,2.8788063598506,2.86929414042809,2.73573105556169,2.67213969698844
"t_cond=1127",3.52033524986605,3.13388532708274,2.8643917463065,2.83237994626401,2.85218831696653,2.71336126552674,2.65791035017732,2.6234171240023
"t_cond=1128",3.13106389599434,2.84740569120173,3.094063707239,2.815839943856,2.83251416367068,2.74995241173801,2.7083131502102,3.34455167307593
"t_cond=1129",2.84724054343179,3.17546916994936,2.81268782154252,2.92831445206318,2.77293019105165,2.74529489609673,3.24119397253063,3.54316030730963
"t_cond=1130",3.17532420027781,2.80235545906205,2.92897125034586,2.77485104256695,2.76281860999358,3.22578732205865,3.55633549734325,3.75129703761874
"t_cond=1131",2.80082792855726,2.78238367507352,2.54272659931478,2.58122067868268,3.42811391528557,3.83252200511677,4.0342169449558,2.94152228625116
"t_cond=1132",2.78108907403531,2.50668200298745,2.49291924613464,3.52967056540645,3.96163107305046,4.18010810166676,2.98825980008774,2.71200757354362
"t_cond=1133",2.50519132358963,2.4249546168517,3.96289648509978,4.32303981396242,4.6313180703723,3.08591475526746,2.78430132563679,3.11568164787449
"t_cond=1134",2.42409823190983,4.08763935534913,4.6733273087039,4.85758889514404,3.16543830495523,2.82739592262546,3.21443257890082,3.26205415860995
"t_cond=1135",4.09148463297439,4.88076880761558,5.38571186120721,3.3068449704552,2.85333746067901,3.24867950534132,3.36264269977158,3.13729079817913
"t_cond=1136",4.85534943112197,4.6720375222879,2.70278125900747,2.55600233926402,2.86259542255276,2.95639019177551,2.77160306129132,4.98620228313592
"t_cond=1137",4.64219130126072,2.58470929360124,2.48836791382647,2.57578499759493,2.65465472506311,2.59226370386214,4.2117491218835,2.44618813405146
"t_cond=1138",2.5835492336116,2.5975235777342,2.58433113971609,2.56396745749626,2.54844463274482,3.72251499275921,2.51821601169467,3.55930198875824
"t_cond=1139",2.59780671003858,2.58766794608674,2.5238402839353,2.52772052307028,3.70724105208913,2.54741022727866,3.48109826235013,3.47073849576214
"t_cond=1140",2.58635618534564,2.5049596504398,2.45171706674674,3.86278110586707,2.47398442037302,3.67730609118304,3.58321720619563,4.40710111236536
"t_cond=1141",2.50462197113574,2.43211274442092,4.19929514692742,2.41478728054322,3.75316088633225,3.71586949965018,4.63901438025569,7.84006812582871
"t_cond=1142",2.4318585100311,4.24217262066165,2.36069128306195,3.77962597013714,3.75482206440615,4.71194764395274,8.06864630367838,5.57471004671413
"t_cond=1143",4.24218504027221,2.35763226668326,3.78412797426809,3.73078450205296,4.70498247680989,8.39318530503303,5.52893032404652,9.03249961301988
"t_cond=1144",2.36204411150422,3.34050260747879,3.01731058878025,4.00978780230111,7.10269309158199,4.79087607489059,8.04002270025871,6.11636626376868
"t_cond=1145",3.34292321883254,3.04714857183158,4.25362710603393,7.52025641872964,4.99564509274245,8.39556389767815,6.26111267920512,3.59961464661131
"t_cond=1146",3.04263019275929,3.93619082480987,6.78738016635534,4.5441193258546,7.88097168870093,5.78304927818918,3.42137530000127,3.32740558030391
"t_cond=1147",3.92995703104271,6.56067486424197,4.17396532986299,7.50079975112328,5.58541756832357,3.35031177006381,3.32624784235288,4.07967504509626
"t_cond=1148",6.52884315282415,3.807322927544,6.43799320029095,4.96430591422338,3.32783705501991,3.50245289240861,3.88696144413094,3.7298394619103
"t_cond=1149",3.78301758438562,5.20057402045405,3.80991526633748,3.66686343552015,4.23325832115232,3.84171542170187,4.14204661935458,4.12977734940382
"t_cond=1150",5.18405295274096,3.72142681394954,4.05585557151995,4.62032550589014,3.9262325581698,4.37460008367783,4.31537242433572,5.00319833858388
"t_cond=1151",3.71670550459377,4.55878544342409,5.91789563395827,4.23266537321,4.99326708233685,4.80440235752026,5.78994253276239,4.8181611214933
"t_cond=1152",4.56389869944642,6.1136102929704,4.42569309169055,5.16395291250733,4.9451989222757,6.07273789572514,4.92400945375845,4.95371800350738
"t_cond=1153",6.08321834724949,4.10313271080094,4.4640965995116,4.52878011812984,5.4904371021505,4.58572760256806,4.6706992243796,4.77903071759704
"t_cond=1154",4.08705967567479,3.85863434060416,3.76913818732445,4.53936948182497,4.1700425584129,4.30208640511754,4.39839204447029,4.56231425806566
"t_cond=1155",3.85205460831555,3.6736545904581,4.10080751215455,4.09807391165191,4.23351772195539,4.32875278458063,4.55312176213315,4.51016441566378
"t_cond=1156",3.67334773818577,3.91343998105535,4.05370598069731,4.23118359444268,4.31612780191661,4.62399471131473,4.49400306990388,4.5649390443644
"t_cond=1157",3.91325257926717,4.02550752727822,4.13886560830079,4.28745967289717,4.57564437509895,4.47681879653872,4.52415173217641,4.58705589116375
"t_cond=1158",4.02770685403347,4.19617267065266,4.40717100532415,4.72295947676379,4.55142962421099,4.57332573731782,4.67887300215369,5.18634552625719
"t_cond=1159",4.19428874967719,4.31105636465572,4.54282978722122,4.46830217620411,4.49614365671781,4.58355587910613,5.0238478378687,5.83711508147875
"t_cond=1160",4.30820564993035,4.44309037720289,4.30973484784437,4.42016165627581,4.49090161913113,4.90083797346944,5.62656597226084,6.31863562482133
"t_cond=1161",4.44012387339438,4.27352238828806,4.31500831352601,4.43322572362531,4.78535013746463,5.49355249170722,6.06933201210553,6.57197497056104
"t_cond=1162",4.27270155327428,4.30710214770559,4.3680881021828,4.68799419284821,5.3176546620391,5.87946678126344,6.34025499597914,5.06164590346221
"t_cond=1163",4.30643264857348,4.35108687485662,4.59818820052249,5.27394079927078,5.82546434838113,6.34843167471206,5.01195105177643,6.48731486701406
"t_cond=1164",4.35011684689346,4.59129030084115,5.32774503078771,5.98705506577752,6.43330646054817,5.0208535538181,6.73046188830385,7.12254755107557
"t_cond=1165",4.591255518782,5.35900026076756,6.19084231786005,6.6631569749015,5.02231812187662,6.79944170610959,7.28151697941257,8.34349358814508
"t_cond=1166",5.35457908642041,6.04598683756,6.41899378100298,4.91653570793511,6.70826626437492,7.17085349722614,8.23269789579797,9.24475010697603
"t_cond=1167",6.02629971134378,6.01571210633606,4.61715718670114,6.16824996653135,6.56407539759338,7.51260307463504,8.47936201597065,9.23355031123504
"t_cond=1168",5.98847183962416,4.57936406300852,5.38076853150218,5.97334168103561,6.82891248790854,7.70074743189,8.12951124222839,9.27125215358636
"t_cond=1169",4.58127415757677,5.13462893198719,5.30850905963934,6.17589303054508,6.89883705166725,7.4373280584058,8.60096697387463,8.69716919749155
"t_cond=1170",5.13469665205509,5.30247561298148,6.25661544521056,7.04280459665711,7.55293349090973,8.65285325497756,8.97719025149869,6.84531094346394
"t_cond=1171",5.2960327223359,6.0573952098748,6.63840976646486,7.22875684139096,8.39416116270926,8.53472568068762,6.58636025704905,7.42488619921176
"t_cond=1172",6.0433478224506,6.33176958633919,6.67846677206648,7.9663944837719,8.11103479250215,6.25413062701899,6.92532083055952,8.90336507337645
"t_cond=1173",6.3023729568371,6.21651059476039,6.86432450647087,7.28915798826939,5.70526476239103,6.40511818968958,8.09119440619532,8.93845890357748
"t_cond=1174",6.18537617023856,6.35897024994253,6.28767154835669,5.2870525543733,5.87802225584739,7.33412174604412,8.1337328209155,6.89960136573066
"t_cond=1175",6.32818528871903,5.92048884829353,4.96362742492461,5.4259449582753,6.71133792103413,7.41764824185316,6.33562756636751,6.50873901686429
"t_cond=1176",5.89562166361649,4.93543395171266,5.05135782405761,6.09738926937742,6.7112593660025,5.85375698195991,5.9497403525604,6.01719066503027
"t_cond=1177",4.93683376531211,5.01211379071252,5.5887313483584,6.25318300135379,5.52023506454937,5.63885501274082,5.64080411120777,5.53513868006645
"t_cond=1178",5.01131485876595,5.57975554468294,6.30769139950449,5.55147823224152,5.60085033748758,5.66530280205785,5.56734896723925,4.8659505611446
"t_cond=1179",5.57923176871796,6.31159788472346,5.48275381768131,5.63071200994988,5.6471639671587,5.53106915570946,4.84317940761262,4.71045022498093
"t_cond=1180",6.29153983365073,5.30732045264668,5.23221675446636,5.36585337925979,5.25768993402109,4.72801235924801,4.61049894559585,4.4605059743766
"t_cond=1181",5.29124244149965,5.07384024342609,4.98521789497625,4.98709256727567,4.68542504160592,4.6260134861396,4.55567945137186,4.57256282444482
"t_cond=1182",5.06973653159714,4.95492088531821,4.86197249845073,4.70984413685022,4.65091840907779,4.63121829435962,4.54556231967483,4.4641146207463
"t_cond=1183",4.95367401903061,4.84621150587542,4.73147705952558,4.66042805577199,4.68087152873612,4.5502166958312,4.52844693701955,4.41541197133774
"t_cond=1184",4.84537955939697,4.73985089239725,4.6735180709237,4.71127252606579,4.5183326212501,4.59553698954909,4.44119658467485,4.38352656916091
"t_cond=1185",4.73948533993728,4.67084199414232,4.73057730433345,4.49352617884305,4.57644477640927,4.44795526120825,4.4150028407104,4.4740392418776
"t_cond=1186",4.66591121805865,4.64160566366464,4.38853925192399,4.43926306035954,4.32899622503357,4.3189815702195,4.35203494349507,4.15549375654906
"t_cond=1187",4.63500220445917,4.36507702946675,4.24480210376194,4.2123181615786,4.1903038738464,4.19809532307124,4.08185842147209,4.34722084927041
"t_cond=1188",4.36492921039972,4.15163092007796,4.04174818312736,4.04416891207355,4.05620375271708,3.98559665579866,4.11341069262915,4.55657167085283
"t_cond=1189",4.1511074743636,4.02438409808766,4.00106062032536,4.02626116644887,3.95050878606586,4.14191063996701,4.61478760453014,NA
"t_cond=1190",4.02271708980412,3.96061649735168,3.89976007935189,3.90630032427811,4.02158864871969,4.43823046144908,NA,NA
"t_cond=1191",3.95914654144911,3.87312840976366,3.83556511796742,3.97448385192449,4.42823583253846,NA,NA,NA
"t_cond=1192",3.87049296373921,3.8179485010356,3.8487763179306,4.34074673187083,NA,NA,NA,NA
"t_cond=1193",3.81763228309914,3.77761005488976,4.17176376608079,NA,NA,NA,NA,NA
"t_cond=1194",3.77764078297704,4.19671933199051,NA,NA,NA,NA,NA,NA
"t_cond=1195",4.18674257368379,NA,NA,NA,NA,NA,NA,NA
